customerid,product,product_category, amount
1041,BANCA,BANCA,"  326,232 "
1041,CREDIT CARD,LOAN,"  62,331,446 "
1041,DEPO14H,FUNDING,  - 
1041,DEPOSITO01,FUNDING,"  908,968,026 "
1041,DEPOSITO03,FUNDING,  - 
1041,DEPOSITO06,FUNDING,"  50,000,000 "
1041,GIRO,LOAN,  - 
1041,KPRSP15,LOAN,"  866,725,450 "
1041,KPR_KENDALI,LOAN,  - 
1041,LOAN SOFR,LOAN,  - 
1041,MULTI CURRENCY,FUNDING,"  39,149,150 "
1041,ORI,ORI,"  600,000,000 "
1041,PERSONAL LOAN,LOAN,"  19,727,660 "
1041,REKSA,REKSA,  - 
1041,TABSYA,FUNDING,"  139,995 "
1041,TAKA,FUNDING,"  137,202,360 "
1041,TANDA360,FUNDING,"  154,707 "
1041,Tabungan TANDA & TABHAR,FUNDING,"  3,058,839 "
1047,BANCA,BANCA,"  892,750,000 "
1047,CREDIT CARD,LOAN,"  62,043,598 "
1047,DEMAND LOAN,LOAN,  - 
1047,DEPOSITO01,FUNDING,"  721,256,632 "
1047,DEPOSITO03,FUNDING,"  218,492,990 "
1047,DEPOSITO06,FUNDING,  - 
1047,DEPOSITO12,FUNDING,"  50,000,000 "
1047,GIRO,FUNDING,  - 
1047,INVBACKLN_MPH,LOAN,"  529,701,280 "
1047,KPM,LOAN,"  9,243,850 "
1047,KPRSP15,LOAN,"  1,789,210,252 "
1047,KPR_KENDALI,LOAN,"  761,354,540 "
1047,ORI,ORI,"  396,375,000 "
1047,PERSONAL LOAN,LOAN,"  19,948,146 "
1047,PERSONAL LOAN_DAILY,LOAN,  - 
1047,REKSA,REKSA,"  11,372,470 "
1047,TABSYA,FUNDING,  - 
1047,TAB_MDHRBHSYA,FUNDING,"  3,951,547 "
1047,TAKA,FUNDING,"  46,113,440 "
1047,TAKABUNGA,FUNDING,"  45,447,264 "
1047,TAKASYA,FUNDING,"  504,000,000 "
1047,TANDA360,FUNDING,"  7,994,356 "
1047,Tabungan TANDA & TABHAR,FUNDING,"  13,629 "
1104,BANCA,BANCA,"  20,000,000 "
1104,CREDIT CARD,LOAN,"  35,450,770 "
1104,DEPO14H,FUNDING,  - 
1104,DEPOSITO01,FUNDING,"  10,000,000 "
1104,DEPOSITO03,FUNDING,"  29,113,381 "
1104,DEPOSITO06,FUNDING,  - 
1104,DEPOSITO12,FUNDING,"  142,695,000 "
1104,GIRO,FUNDING,"  5,013 "
1104,GIROSYARIAH,FUNDING,"  195,399 "
1104,KPR_KENDALI,LOAN,"  331,532,750 "
1104,KRK EMB,LOAN,"  6,061,805,184 "
1104,MULTI CURRENCY,FUNDING,"  1,466,200 "
1104,ORI,ORI,  - 
1104,PERSONAL LOAN,LOAN,  - 
1104,REKSA,REKSA,"  26,036 "
1104,TABSYA,FUNDING,"  105,116 "
1104,TAKA,FUNDING,"  1,451,578 "
1104,TAKASYA,FUNDING,"  201,600,000 "
1104,TANDA360,FUNDING,"  390,429,671 "
1104,TERM LOAN,LOAN,"  5,832,000,000 "
1104,Tabungan TANDA & TABHAR,FUNDING,"  40,000 "
1165,BANCA,BANCA,"  208,960,972 "
1165,CPL TL,LOAN,  - 
1165,CREDIT CARD,LOAN,  - 
1165,DEMAND LOAN,LOAN,  - 
1165,DEPOSITO01,FUNDING,"  500,000,000 "
1165,DEPOSITO03,FUNDING,"  100,000,000 "
1165,DEPOSITO06,FUNDING,"  105,000,000 "
1165,DEPOSITO12,FUNDING,"  10,400,000 "
1165,GIRO,FUNDING,  - 
1165,INVESTMENT LOAN,LOAN,  - 
1165,KPR-Syariah_EASY,LOAN,"  1,080,216,144 "
1165,KPR_KENDALI,LOAN,"  2,062,508,690 "
1165,KRK EMB,LOAN,"  2,373,778,368 "
1165,MULTI CURRENCY,FUNDING,"  2,746,420,796 "
1165,MULTI CURRENCY SYA,FUNDING,"  3,167,020 "
1165,ORI,ORI,  - 
1165,PERSONAL LOAN,LOAN,"  4,244,179 "
1165,REKSA,REKSA,"  100,377,791 "
1165,TABSYA,FUNDING,  - 
1165,TAB_MDHRBHSYA,FUNDING,"  4,839,989 "
1165,TAKA,FUNDING,"  18,793,194 "
1165,TAKASYA,FUNDING,"  3,000,000 "
1165,TANDA360,FUNDING,"  97,197,615 "
1165,TERM LOAN EMB,LOAN,"  50,847,612 "
1165,Tabungan TANDA & TABHAR,FUNDING,  - 
1223,BANCA,BANCA,  - 
1223,CREDIT CARD,LOAN,"  16,586,152 "
1223,DEPO14H,FUNDING,  - 
1223,DEPOSITO03,FUNDING,"  52,141,229 "
1223,DEPOSITO12,FUNDING,"  200,000,000 "
1223,GIRO,FUNDING,"  5,317,751 "
1223,KPR,LOAN,"  797,739,110 "
1223,KPR_KENDALI,LOAN,"  1,240,063,726 "
1223,KRK EMB,LOAN,"  5,972,766,449 "
1223,MULTI CURRENCY,FUNDING,"  3,171 "
1223,ORI,ORI,"  200,000,000 "
1223,PERSONAL LOAN,LOAN,"  35,265,118 "
1223,REKSA,REKSA,  - 
1223,TABSYA,FUNDING,  - 
1223,TAB_MDHRBHSYA,FUNDING,"  41,314,305 "
1223,TAKA,FUNDING,"  2,048,050 "
1223,TAKABUNGA,FUNDING,"  47,868,774 "
1223,TANDA360,FUNDING,"  5,592,339 "
1223,Tabungan TANDA & TABHAR,FUNDING,"  227,242 "
1310,BANCA,BANCA,"  792,750,000 "
1310,CREDIT CARD,LOAN,  - 
1310,DEPO14H,FUNDING,  - 
1310,DEPOSITO01,FUNDING,"  50,000,000 "
1310,DEPOSITO03,FUNDING,  - 
1310,GIRO,LOAN,  - 
1310,KPM,LOAN,"  5,306,936 "
1310,KPR,LOAN,"  1,400,581,552 "
1310,KPRSP15,LOAN,"  1,836,921,354 "
1310,KPR_KENDALI,LOAN,"  791,784,774 "
1310,ORI,ORI,  - 
1310,PERSONAL LOAN,LOAN,"  2,300,000 "
1310,TABSYA,FUNDING,"  136,476 "
1310,TAKA,FUNDING,  - 
1310,TANDA360,FUNDING,  - 
1310,Tabungan TANDA & TABHAR,FUNDING,  - 
1365,BANCA,BANCA,  - 
1365,CREDIT CARD,LOAN,  - 
1365,DEPOSITO01,FUNDING,  - 
1365,DEPOSITO03,FUNDING,"  100,000,000 "
1365,DEPOSITO06,FUNDING,"  600,000,000 "
1365,DEPOSITO12,FUNDING,"  132,296,590 "
1365,GIRO,LOAN,  - 
1365,INVBACKLN_MPH,LOAN,"  750,309,970 "
1365,KPM,LOAN,"  3,607,164 "
1365,KPR-Syariah,LOAN,"  10,592,311,642 "
1365,ORI,ORI,"  350,000,000 "
1365,PERSONAL LOAN,LOAN,  - 
1365,REKSA,REKSA,"  107,954 "
1365,TABSYA,FUNDING,"  122,915 "
1365,TAKA,FUNDING,"  900,000 "
1365,TANDA360,FUNDING,"  11,851,800 "
1365,Tabungan TANDA & TABHAR,FUNDING,  - 
1396,BANCA,BANCA,  - 
1396,CREDIT CARD,LOAN,"  4,705,682 "
1396,DEMAND LOAN,LOAN,"  150,000,000,000 "
1396,DEPOSITO01,FUNDING,  - 
1396,DEPOSITO03,FUNDING,  - 
1396,DEPOSITO06,FUNDING,"  50,000,000 "
1396,FIXED LOAN,LOAN,"  14,500,000,000 "
1396,GIRO,LOAN,  - 
1396,KPR-Syariah,LOAN,"  789,838,746 "
1396,KPRSP15,LOAN,"  813,744,556 "
1396,KPR_KENDALI,LOAN,"  1,557,728,328 "
1396,KRK,LOAN,"  37,039,610,466 "
1396,ORI,ORI,"  358,550,000 "
1396,PERSONAL LOAN,LOAN,"  6,711,210 "
1396,PIF-FLOATING,LOAN,"  19,900,000,000 "
1396,REKSA,REKSA,"  33,150,068 "
1396,TABSYA,FUNDING,  - 
1396,TAKA,FUNDING,"  24,000,000 "
1396,TANDA360,FUNDING,  - 
1396,Tabungan TANDA & TABHAR,FUNDING,"  5,085,253 "
1465,BANCA,BANCA,"  150,000,000 "
1465,CREDIT CARD,LOAN,  2 
1465,DEPO14H,FUNDING,  - 
1465,DEPOSITO01,FUNDING,"  105,984,479 "
1465,DEPOSITO03,FUNDING,"  30,000,000,000 "
1465,DEPOSITO12,FUNDING,"  51,053,100 "
1465,DEPOSITO12SYA,FUNDING,  - 
1465,GIRO,LOAN,
1465,KPR_KENDALI,LOAN,"  612,202,022 "
1465,ORI,ORI,"  258,550,000 "
1465,PERSONAL LOAN,LOAN,"  26,546,778 "
1465,TABSYA,FUNDING,  - 
1465,TAB_MDHRBHSYA,FUNDING,"  150,335 "
1465,TANDA360,FUNDING,  - 
1465,Tabungan TANDA & TABHAR,FUNDING,"  6,575,024 "
1547,BANCA,BANCA,  - 
1547,CREDIT CARD,LOAN,"  37,605,046 "
1547,DEPOSITO TREASURY,FUNDING,  - 
1547,DEPOSITO01,FUNDING,  - 
1547,DEPOSITO03,FUNDING,"  10,000,000 "
1547,DEPOSITO06,FUNDING,"  5,000,000 "
1547,GIRO,LOAN,  - 
1547,INVESTMENT LOAN,LOAN,"  76,753,142,126 "
1547,KPM,LOAN,"  4,272,542 "
1547,KRDLBR1,LOAN,"  78,767,640,000 "
1547,KRDTLLBR3,LOAN,"  2,174,960,044 "
1547,LOAN SOFR,LOAN,  - 
1547,MULTI CURRENCY,FUNDING,"  3,743,872,871 "
1547,ORI,ORI,"  408,550,000 "
1547,PERSONAL LOAN,LOAN,"  844,047 "
1547,REKSA,REKSA,"  356,279,698 "
1547,TABSYA,FUNDING,  - 
1547,TAKA,FUNDING,"  7,000,000 "
1547,TAKABUNGA,FUNDING,"  5,412,430 "
1547,TANDA360,FUNDING,"  52,900,988 "
1547,Tabungan TANDA & TABHAR,FUNDING,  - 
1784,BANCA,BANCA,  - 
1784,CREDIT CARD,LOAN,  - 
1784,DEPOSITO01,FUNDING,"  33,276,183 "
1784,DEPOSITO03,FUNDING,"  171,840,000 "
1784,DEPOSITO06,FUNDING,"  19,026,000 "
1784,GIRO,LOAN,  - 
1784,KPR_KENDALI,LOAN,"  571,856,488 "
1784,MULTI CURRENCY,FUNDING,"  8,325,660 "
1784,ORI,ORI,"  2,219,700,000 "
1784,PERSONAL LOAN,LOAN,"  547,220 "
1784,REKSA,REKSA,"  393,379,423 "
1784,TABSYA,FUNDING,"  16,317,601 "
1784,TAKA,FUNDING,  - 
1784,TANDA360,FUNDING,"  3,709,909 "
1784,Tabungan TANDA & TABHAR,FUNDING,  - 
1795,BANCA,BANCA,"  250,000 "
1795,CREDIT CARD,LOAN,"  11,096,668 "
1795,DEPOSITO01,FUNDING,"  244,188,609 "
1795,GIRO,LOAN,  - 
1795,KPM,LOAN,"  9,784,588 "
1795,KPR-Syariah,LOAN,"  564,608,874 "
1795,KPR_KENDALI,LOAN,"  541,120,494 "
1795,MULTI CURRENCY,FUNDING,"  22,756,682 "
1795,ORI,ORI,"  250,000,000 "
1795,PERSONAL LOAN,LOAN,"  7,400,000 "
1795,TABSYA,FUNDING,"  100,006 "
1795,TAB_MDHRBHSYA,FUNDING,"  100,857 "
1795,TAKA,FUNDING,"  26,941,012 "
1795,TANDA360,FUNDING,"  20,585,028 "
1795,TERM LOAN EMB,LOAN,"  6,417,101,316 "
1795,Tabungan TANDA & TABHAR,FUNDING,"  1,754,653 "
1892,BANCA,BANCA,  - 
1892,CPL TL,LOAN,"  7,776,000,000 "
1892,CREDIT CARD,LOAN,"  177,829,230 "
1892,DEPOSITO01,FUNDING,"  503,300,000 "
1892,DEPOSITO03,FUNDING,  - 
1892,DEPOSITO06,FUNDING,  - 
1892,DEPOSITO12,FUNDING,"  39,000,000 "
1892,GIRO,FUNDING,  - 
1892,INVBACKLN_MPH,LOAN,"  365,310,298 "
1892,KPR-Syariah,LOAN,"  138,732,664 "
1892,KPR_KENDALI,LOAN,"  19,373,816,322 "
1892,KRK,LOAN,"  1,944,128,968 "
1892,ORI,ORI,  - 
1892,PERSONAL LOAN,LOAN,  - 
1892,REKSA,REKSA,"  134,684,103 "
1892,TABSYA,FUNDING,"  2,942,226 "
1892,TAB_MDHRBHSYA,FUNDING,"  101,190 "
1892,TAKA,FUNDING,  - 
1892,TAKASYA,FUNDING,"  503,000,000 "
1892,TANDA360,FUNDING,"  200,724,197 "
1892,Tabungan TANDA & TABHAR,FUNDING,"  485,118 "
2022,BANCA,BANCA,"  158,550,000 "
2022,CPL KND,LOAN,"  18,751,272,238 "
2022,CREDIT CARD,LOAN,  - 
2022,DEPOSITO01,FUNDING,"  275,000,000 "
2022,DEPOSITO03,FUNDING,"  216,737,076 "
2022,DEPOSITO06,FUNDING,"  5,000,000 "
2022,DEPOSITO12,FUNDING,  - 
2022,GIRO,FUNDING,  - 
2022,GIRO KND,FUNDING,"  2,623,358,803 "
2022,KMG_KENDALI,LOAN,"  181,591,138 "
2022,KPR-Syariah,LOAN,"  1,349,218,062 "
2022,KPR_KENDALI,LOAN,"  3,033,618,998 "
2022,MULTI CURRENCY,LOAN,  - 
2022,ORI,ORI,  - 
2022,PERSONAL LOAN,LOAN,"  12,348,888 "
2022,PIF-FLOATING,LOAN,"  160,549,065,454 "
2022,REKSA,REKSA,  - 
2022,TABSYA,FUNDING,"  208,726,823 "
2022,TAB_MDHRBHSYA,FUNDING,  - 
2022,TAKA,FUNDING,  - 
2022,TANDA360,FUNDING,  - 
2022,TERM LOAN,LOAN,  - 
2022,TERM LOAN EMB,LOAN,"  174,989,334 "
2022,Tabungan TANDA & TABHAR,FUNDING,"  172,417,998 "
2146,BANCA,BANCA,  - 
2146,CREDIT CARD,LOAN,  - 
2146,DEPOSITO01,FUNDING,"  25,000,000 "
2146,DEPOSITO03,FUNDING,"  200,000,000 "
2146,DEPOSITO06,FUNDING,"  25,000,000 "
2146,GIRO,FUNDING,  - 
2146,KPR_KENDALI,LOAN,"  997,120,106 "
2146,MULTI CURRENCY,FUNDING,"  98,437,627 "
2146,MULTI CURRENCY SYA,FUNDING,"  50,170,000 "
2146,ORI,ORI,  - 
2146,PERSONAL LOAN,LOAN,"  8,496,870 "
2146,REKSA,REKSA,  - 
2146,TABSYA,FUNDING,"  192,665 "
2146,TAB_MDHRBHSYA,FUNDING,"  101,818 "
2146,TAKA,FUNDING,"  24,840,120 "
2146,TANDA360,FUNDING,  - 
2146,Tabungan TANDA & TABHAR,FUNDING,  - 
2168,BANCA,BANCA,"  600,000,000 "
2168,CPL KND,LOAN,"  2,294,989,180 "
2168,CREDIT CARD,LOAN,"  24,124,600 "
2168,DEPOSITO01,FUNDING,"  185,000,000 "
2168,DEPOSITO03,FUNDING,  - 
2168,DEPOSITO06,FUNDING,  - 
2168,DEPOSITO12,FUNDING,"  28,000,000 "
2168,GIRO,FUNDING,  - 
2168,GIRO KND,FUNDING,"  192,234,739 "
2168,GIROSYARIAH,FUNDING,"  10,018,392 "
2168,KPR-Syariah_EASY,LOAN,"  1,194,774,444 "
2168,KPR_KENDALI,LOAN,"  1,155,848,030 "
2168,ORI,ORI,"  500,000,000 "
2168,PERSONAL LOAN,LOAN,"  8,479,512 "
2168,REKSA,REKSA,"  721,419 "
2168,SLDJIBOR,LOAN,"  11,807,246,238 "
2168,TABSYA,FUNDING,"  4,813,253 "
2168,TAKA,FUNDING,"  9,200,000 "
2168,TAKABUNGA,FUNDING,"  17,949,500 "
2168,TANDA360,FUNDING,"  24,419,462 "
2168,Tabungan TANDA & TABHAR,FUNDING,"  6,051 "
2237,BANCA,BANCA,"  158,550,000 "
2237,CREDIT CARD,LOAN,"  986,000 "
2237,DEMAND LOAN,LOAN,  - 
2237,DEPOSITO TREASURY NKK,FUNDING,"  12,937,680,000 "
2237,DEPOSITO01,FUNDING,"  10,000,000 "
2237,DEPOSITO03,FUNDING,"  51,622,947 "
2237,DEPOSITO03SYA,FUNDING,"  150,000,000 "
2237,DEPOSITO06,FUNDING,  - 
2237,DEPOSITO06SYA,FUNDING,"  290,000,000 "
2237,DEPOSITO12,FUNDING,"  100,000,000 "
2237,GIRO,LOAN,  - 
2237,KPR,LOAN,"  802,429,476 "
2237,MULTI CURRENCY,FUNDING,  - 
2237,ORI,ORI,  - 
2237,PERSONAL LOAN,LOAN,"  20,287,068 "
2237,TABSYA,FUNDING,"  6,948,376 "
2237,TAKA,FUNDING,"  800,000 "
2237,TANDA360,FUNDING,"  631,661,902 "
2237,Tabungan TANDA & TABHAR,FUNDING,"  310,820 "
2271,BANCA,BANCA,  - 
2271,CREDIT CARD,LOAN,"  56,331,208 "
2271,DEPOSITO01,FUNDING,"  205,067,740 "
2271,DEPOSITO03,FUNDING,"  100,000,000 "
2271,GIRO,FUNDING,  - 
2271,GIROSYARIAH,FUNDING,"  37,426,293 "
2271,KMG,LOAN,"  778,028,598 "
2271,KPR,LOAN,  - 
2271,KPR_KENDALI,LOAN,"  547,563,600 "
2271,KRK EMB,LOAN,"  658,257,002 "
2271,MULTI CURRENCY,FUNDING,  - 
2271,ORI,ORI,  - 
2271,PERSONAL LOAN,LOAN,"  3,391,806 "
2271,REKSA,REKSA,"  156,885 "
2271,TABSYA,FUNDING,"  110,002 "
2271,TAB_MDHRBHSYA,FUNDING,"  31,016,820 "
2271,TAKA,FUNDING,"  241,901 "
2271,TANDA360,FUNDING,"  10,421,597 "
2271,TERM LOAN EMB,LOAN,"  257,622,186 "
2271,Tabungan TANDA & TABHAR,FUNDING,"  8,243,420 "
2306,CREDIT CARD,LOAN,"  75,000 "
2306,DEMAND LOAN,LOAN,  - 
2306,DEPOSITO03,FUNDING,"  60,000,000 "
2306,GIRO,FUNDING,  - 
2306,GIRO KND,FUNDING,  - 
2306,ORI,ORI,  - 
2306,PERSONAL LOAN,LOAN,  - 
2306,PIF-FLOATING,LOAN,  - 
2306,REKSA,REKSA,"  182,587,171 "
2306,TABSYA,FUNDING,"  24,197 "
2306,TAKA,FUNDING,  - 
2306,TANDA360,FUNDING,"  294,935,667 "
2306,TERM LOAN EMB KND,LOAN,  - 
2306,Tabungan TANDA & TABHAR,FUNDING,"  78,646,099 "
2464,BANCA,BANCA,  - 
2464,CREDIT CARD,LOAN,"  50,000 "
2464,DEMAND LOAN SYA,LOAN,  - 
2464,DEPOSITO TREASURY,FUNDING,"  107,833,955 "
2464,DEPOSITO01,FUNDING,  - 
2464,DEPOSITO03,FUNDING,"  27,000,000 "
2464,DEPOSITO06,FUNDING,"  11,389,128 "
2464,GIRO,FUNDING,"  352,733,611 "
2464,GIROSYARIAH,FUNDING,"  10,771,758 "
2464,KPR_KENDALI,LOAN,"  797,237,378 "
2464,MULTI CURRENCY,FUNDING,"  564,422 "
2464,ORI,ORI,"  8,290,000,000 "
2464,PERSONAL LOAN,LOAN,"  27,244,134 "
2464,REKSA,REKSA,"  98,808,997 "
2464,TABSYA,FUNDING,"  152,677 "
2464,TAKA,FUNDING,"  1,200,000 "
2464,TAKASYA,FUNDING,"  703,920,000 "
2464,TANDA360,FUNDING,"  15,210,092 "
2464,TFSYA,LOAN,  - 
2464,Tabungan TANDA & TABHAR,FUNDING,"  1,005,066 "
2497,BANCA,BANCA,"  250,000,000 "
2497,CREDIT CARD,LOAN,"  76,277,260 "
2497,DEPO14H,FUNDING,  - 
2497,DEPOSITO01,FUNDING,"  55,411,589 "
2497,DEPOSITO03,FUNDING,"  89,595,069 "
2497,DEPOSITO06,FUNDING,"  300,000,000 "
2497,GIRO,FUNDING,  - 
2497,KPR-Syariah,LOAN,"  1,812,185,020 "
2497,KPRSP15,LOAN,"  1,128,605,726 "
2497,KPR_KENDALI,LOAN,"  1,988,338,470 "
2497,ORI,ORI,"  555,000,000 "
2497,PERSONAL LOAN,LOAN,"  759,178 "
2497,REKSA,REKSA,"  6,187,554 "
2497,TABSYA,FUNDING,  - 
2497,TAB_MDHRBHSYA,FUNDING,"  106,439 "
2497,TAKA,FUNDING,"  16,564,122 "
2497,TAKABUNGA,FUNDING,"  7,883,240 "
2497,TANDA360,FUNDING,"  113,908,392 "
2497,Tabungan TANDA & TABHAR,FUNDING,"  3,419,438 "
2759,BANCA,BANCA,"  15,000,000 "
2759,CREDIT CARD,LOAN,"  120,115,318 "
2759,DEPO14H,FUNDING,  - 
2759,DEPOSITO01,FUNDING,"  1,000,000,000 "
2759,DEPOSITO03,FUNDING,"  100,000,000 "
2759,DEPOSITO06,FUNDING,"  10,000,000 "
2759,DEPOSITO12,FUNDING,"  23,213,147 "
2759,GIRO,FUNDING,"  7,717,414,798 "
2759,GIROSYARIAH,FUNDING,  - 
2759,INVESTMENT LOAN,LOAN,  - 
2759,KMG,LOAN,"  178,224,048 "
2759,KRK,LOAN,"  1,844,385,539 "
2759,MULTI CURRENCY,FUNDING,"  3,619,255,084 "
2759,ORI,ORI,  - 
2759,PERSONAL LOAN,LOAN,  - 
2759,PIF-FLOATING,LOAN,"  31,719,253,292 "
2759,REKSA,REKSA,  - 
2759,TABSYA,FUNDING,  - 
2759,TAKA,FUNDING,"  9,334,320 "
2759,TANDA360,FUNDING,"  463,334,527 "
2759,Tabungan TANDA & TABHAR,FUNDING,"  220,752 "
2846,BANCA,BANCA,"  1,785,500,000 "
2846,CREDIT CARD,LOAN,  - 
2846,DEPO14H,FUNDING,  - 
2846,DEPOSITO01,FUNDING,  - 
2846,DEPOSITO01SYA,FUNDING,"  407,000,000 "
2846,DEPOSITO03,FUNDING,"  150,000,000 "
2846,DEPOSITO06,FUNDING,"  5,000,000 "
2846,DEPOSITO12,FUNDING,"  315,000,000 "
2846,GIRO,LOAN,  - 
2846,INVBACKLN_MPH,LOAN,"  384,664,814 "
2846,KRK EMB,LOAN,"  3,399,950,293 "
2846,MULTI CURRENCY,FUNDING,"  43,088,043 "
2846,ORI,ORI,"  180,000,000 "
2846,PERSONAL LOAN,LOAN,"  11,045,356 "
2846,REKSA,REKSA,"  213,307,817 "
2846,TABSYA,FUNDING,"  101,017 "
2846,TAKA,FUNDING,"  4,000,000 "
2846,TANDA360,FUNDING,"  9,795,232 "
2846,Tabungan TANDA & TABHAR,FUNDING,  - 
2960,BANCA,BANCA,"  2,101,300,000 "
2960,CPL TL,LOAN,"  165,262,838 "
2960,CREDIT CARD,LOAN,"  54,923,524 "
2960,DEPO14H,FUNDING,  - 
2960,DEPOSITO01,FUNDING,"  42,481,663 "
2960,DEPOSITO03,FUNDING,  - 
2960,DEPOSITO06,FUNDING,"  56,000,000 "
2960,DEPOSITO12,FUNDING,"  1,000,000 "
2960,GIRO,FUNDING,  - 
2960,KPR-Syariah,LOAN,"  3,821,889,754 "
2960,KPR-Syariah_EASY,LOAN,"  1,064,453,064 "
2960,KPR_KENDALI,LOAN,"  934,097,700 "
2960,MULTI CURRENCY,FUNDING,"  235,518,439 "
2960,ORI,ORI,"  800,000,000 "
2960,PERSONAL LOAN,LOAN,"  3,000,000 "
2960,REKSA,REKSA,"  306,821 "
2960,TABSYA,FUNDING,  - 
2960,TAKA,FUNDING,  - 
2960,TAKABUNGA,FUNDING,"  48,848,488 "
2960,TAKASYA,FUNDING,"  1,000,000 "
2960,TANDA360,FUNDING,  146 
2960,Tabungan TANDA & TABHAR,FUNDING,"  50,852,770 "
3010,BANCA,BANCA,"  100,000,000 "
3010,CREDIT CARD,LOAN,"  29,353,534 "
3010,DEPO14H,FUNDING,  - 
3010,DEPOSITO TREASURY,FUNDING,  - 
3010,DEPOSITO01,FUNDING,"  169,500,000 "
3010,DEPOSITO03,FUNDING,"  1,200,000,000 "
3010,DEPOSITO06,FUNDING,"  158,550,000 "
3010,DEPOSITO12,FUNDING,"  10,000,000 "
3010,GIRO,FUNDING,"  502,615,038 "
3010,GIRO KND,FUNDING,"  571,795,000 "
3010,KPM,LOAN,"  9,940,014 "
3010,KPR,LOAN,"  1,199,134,178 "
3010,KPR_KENDALI,LOAN,"  1,151,560,466 "
3010,ORI,ORI,  - 
3010,PERSONAL LOAN,LOAN,"  13,494,740 "
3010,REKSA,REKSA,  - 
3010,TABSYA,FUNDING,  - 
3010,TAB_MDHRBHSYA,FUNDING,"  100,789 "
3010,TAKA,FUNDING,"  159,000 "
3010,TANDA360,FUNDING,"  49,560,119 "
3010,TERM LOAN EMB KND,LOAN,"  10,999,001,336 "
3010,Tabungan TANDA & TABHAR,FUNDING,"  13,023 "
3025,BANCA,BANCA,"  1,142,750,000 "
3025,CREDIT CARD,LOAN,"  26,570,036 "
3025,DEPOSITO01,FUNDING,"  70,000,000 "
3025,DEPOSITO03,FUNDING,"  561,000,000 "
3025,DEPOSITO06,FUNDING,"  116,928,563 "
3025,DEPOSITO12,FUNDING,"  125,000,000 "
3025,GIRO,FUNDING,"  2,794,000 "
3025,INVBACKLN_MPH,LOAN,"  879,366,816 "
3025,KRK,LOAN,"  1,000,482,538 "
3025,MULTI CURRENCY,FUNDING,"  105,436 "
3025,ORI,ORI,  - 
3025,PERSONAL LOAN,LOAN,"  459,540 "
3025,REKSA,REKSA,"  1,225,997,766 "
3025,TABSYA,FUNDING,"  100,226 "
3025,TAB_MDHRBHSYA,FUNDING,"  5,210,539 "
3025,TAKASYA,FUNDING,  - 
3025,TANDA360,FUNDING,"  1,821,952,955 "
3025,Tabungan TANDA & TABHAR,FUNDING,"  50,000 "
3105,BANCA,BANCA,"  50,000,000 "
3105,CREDIT CARD,LOAN,  - 
3105,DEPO14H,FUNDING,  - 
3105,DEPOSITO01,FUNDING,  - 
3105,DEPOSITO01SYA,FUNDING,"  50,000,000 "
3105,DEPOSITO03,FUNDING,"  40,000,000 "
3105,DEPOSITO06,FUNDING,"  10,000,000 "
3105,DEPOSITO12,FUNDING,"  250,000,000 "
3105,GIRO,LOAN,  - 
3105,KMGFEST2,LOAN,"  288,257,184 "
3105,KPR-Syariah,LOAN,"  424,867,122 "
3105,KPR_KENDALI,LOAN,"  2,592,010,182 "
3105,KRK EMB,LOAN,"  48,120,500 "
3105,MULTI CURRENCY,FUNDING,"  265,623 "
3105,ORI,ORI,  - 
3105,PERSONAL LOAN,LOAN,"  31,395,388 "
3105,REKSA,REKSA,  - 
3105,TABSYA,FUNDING,  - 
3105,TANDA360,FUNDING,"  130,819,180 "
3105,TERM LOAN EMB,LOAN,"  2,583,333,314 "
3105,Tabungan TANDA & TABHAR,FUNDING,  - 
3161,BANCA,BANCA,  - 
3161,CREDIT CARD,LOAN,"  103,294,168 "
3161,DEMAND LOAN EMB,LOAN,  - 
3161,DEPOSITO01,FUNDING,  - 
3161,DEPOSITO03,FUNDING,"  564,320,680 "
3161,DEPOSITO06,FUNDING,"  50,000,000 "
3161,GIRO,LOAN,  - 
3161,KPRSP15,LOAN,"  1,068,314,064 "
3161,KPR_KENDALI,LOAN,"  383,753,550 "
3161,KRK EMB,LOAN,"  8,235,866,488 "
3161,ORI,ORI,"  2,000,000,000 "
3161,PERSONAL LOAN,LOAN,  - 
3161,REKSA,REKSA,"  115,085 "
3161,SLDJIBOR,LOAN,"  2,216,985,886 "
3161,TABSYA,FUNDING,"  100,592 "
3161,TAB_MDHRBHSYA,FUNDING,"  159,759 "
3161,TAKA,FUNDING,"  6,170,186 "
3161,TANDA360,FUNDING,  - 
3161,Tabungan TANDA & TABHAR,FUNDING,  - 
3172,BANCA,BANCA,"  250,000 "
3172,CREDIT CARD,LOAN,"  7,485,742 "
3172,DEPOSITO01,FUNDING,  - 
3172,DEPOSITO03,FUNDING,"  235,045,600 "
3172,DEPOSITO06,FUNDING,  - 
3172,DEPOSITO12,FUNDING,"  10,000,000 "
3172,GIRO,FUNDING,  - 
3172,KPR-Syariah_EASY,LOAN,"  2,756,007,560 "
3172,KPRSP15,LOAN,"  784,354,366 "
3172,KRK,LOAN,"  1,044,096,216 "
3172,ORI,ORI,"  158,550,000 "
3172,PERSONAL LOAN,LOAN,  - 
3172,REKSA,REKSA,"  250,624 "
3172,TABSYA,FUNDING,  - 
3172,TAB_MDHRBHSYA,FUNDING,"  240,923,384 "
3172,TAKA,FUNDING,"  9,926,784 "
3172,TAKASYA,FUNDING,  - 
3172,TANDA360,FUNDING,"  901,263,063 "
3172,Tabungan TANDA & TABHAR,FUNDING,"  23,813 "
3183,BANCA,BANCA,"  792,750,000 "
3183,CREDIT CARD,LOAN,"  6,420,764 "
3183,DEPOSITO01,FUNDING,"  150,000,000 "
3183,DEPOSITO03,FUNDING,"  15,746,645 "
3183,GIRO,FUNDING,  - 
3183,GIRO KND,FUNDING,"  2,621,257 "
3183,INVBACKLN_MPH,LOAN,"  662,288,401 "
3183,KMG,LOAN,"  486,200,856 "
3183,KPR,LOAN,"  563,914,934 "
3183,KPR-Syariah,LOAN,"  435,554,936 "
3183,KPR_KENDALI,LOAN,"  1,979,643,984 "
3183,KRK EMB,LOAN,"  10,905,574,390 "
3183,MULTI CURRENCY,FUNDING,"  1,255,772 "
3183,MULTI CURRENCY SYA,FUNDING,"  27,645,209 "
3183,ORI,ORI,  - 
3183,PERSONAL LOAN,LOAN,"  200,980 "
3183,REKSA,REKSA,  - 
3183,SLDJIBOR,LOAN,"  6,269,806,936 "
3183,TABSYA,FUNDING,"  5,043,507 "
3183,TAB_MDHRBHSYA,FUNDING,"  225,458 "
3183,TAKA,FUNDING,  - 
3183,TAKASYA,FUNDING,"  300,000 "
3183,TANDA360,FUNDING,"  3,173,960 "
3183,TERM LOAN EMB,LOAN,"  1,076,923,064 "
3183,Tabungan TANDA & TABHAR,FUNDING,  - 
326,BANCA,BANCA,  - 
3349,BANCA,BANCA,"  317,100,000 "
3349,CREDIT CARD,LOAN,"  24,497,000 "
3349,DEMAND LOAN,LOAN,  - 
3349,DEPOSITO01,FUNDING,  - 
3349,DEPOSITO03,FUNDING,"  127,182,000 "
3349,DEPOSITO06,FUNDING,  - 
3349,GIRO,LOAN,  - 
3349,KPM,LOAN,"  8,337,294 "
3349,KPR,LOAN,"  137,131,108 "
3349,KPRSP15,LOAN,"  1,355,870,114 "
3349,KPR_KENDALI,LOAN,"  1,344,916,984 "
3349,MULTI CURRENCY,FUNDING,"  3,739,344,683 "
3349,ORI,ORI,  - 
3349,PERSONAL LOAN,LOAN,"  18,991,352 "
3349,REKSA,REKSA,"  7,191,185 "
3349,TABSYA,FUNDING,"  110,037 "
3349,TAKA,FUNDING,"  800,000 "
3349,TANDA360,FUNDING,"  405,045,142 "
3349,Tabungan TANDA & TABHAR,FUNDING,  - 
3569,BANCA,BANCA,"  25,000,000 "
3569,CREDIT CARD,LOAN,  - 
3569,DEPOSITO01,FUNDING,  - 
3569,DEPOSITO03,FUNDING,  - 
3569,DEPOSITO06,FUNDING,  - 
3569,GIRO,FUNDING,"  6,533,802,917 "
3569,KPR-MYPA,LOAN,"  184,079,102 "
3569,MULTI CURRENCY,FUNDING,"  9,625,000 "
3569,ORI,ORI,"  300,000,000 "
3569,PERSONAL LOAN,LOAN,  - 
3569,REKSA,REKSA,"  1,932,006,520 "
3569,TABSYA,FUNDING,"  7,281,059 "
3569,TAKA,FUNDING,"  8,482,682 "
3569,TANDA360,FUNDING,"  259,457,573 "
3569,Tabungan TANDA & TABHAR,FUNDING,  - 
3694,BANCA,BANCA,"  1,191,666,667 "
3694,CREDIT CARD,LOAN,  - 
3694,DEPOSITO01,FUNDING,  - 
3694,DEPOSITO03,FUNDING,  - 
3694,DEPOSITO06,FUNDING,"  24,000,000 "
3694,DEPOSITO12,FUNDING,"  10,000,000 "
3694,GIRO,LOAN,"  4,481,758 "
3694,KPM_COP,LOAN,"  169,914,694 "
3694,KPR-Syariah,LOAN,"  1,334,830,380 "
3694,KPR_KENDALI,LOAN,"  726,436,602 "
3694,MULTI CURRENCY,FUNDING,"  9,914,290 "
3694,ORI,ORI,"  300,000,000 "
3694,PERSONAL LOAN,LOAN,"  8,431,146 "
3694,REKSA,REKSA,  - 
3694,TABSYA,FUNDING,"  600,126 "
3694,TAB_MDHRBHSYA,FUNDING,"  261,308,870 "
3694,TAKA,FUNDING,"  27,385,600 "
3694,TAKASYA,FUNDING,"  100,000 "
3694,TANDA360,FUNDING,"  165,211,117 "
3694,Tabungan TANDA & TABHAR,FUNDING,  - 
3974,BANCA,BANCA,"  90,000,000 "
3974,CREDIT CARD,LOAN,  - 
3974,DEMAND LOAN,LOAN,  - 
3974,DEPOSITO01,FUNDING,"  60,000,000 "
3974,DEPOSITO03,FUNDING,  - 
3974,DEPOSITO03SYA,FUNDING,"  20,159,548 "
3974,DEPOSITO04SYA,FUNDING,"  11,000,000 "
3974,GIRO,FUNDING,"  51,473,148 "
3974,KMG,LOAN,"  130,995,938 "
3974,KPR,LOAN,"  781,881,704 "
3974,ORI,ORI,  - 
3974,PERSONAL LOAN,LOAN,"  291,105 "
3974,REKSA,REKSA,"  495,944,496 "
3974,TABSYA,FUNDING,  - 
3974,TAB_MDHRBHSYA,FUNDING,"  108,935 "
3974,TAKA,FUNDING,"  23,491,475 "
3974,TAKASYA,FUNDING,"  1,005,250,000 "
3974,TANDA360,FUNDING,"  33,295,642 "
3974,TERM LOAN EMB,LOAN,"  18,079,291,648 "
3974,Tabungan TANDA & TABHAR,FUNDING,  - 
3985,BANCA,BANCA,"  100,000,000 "
3985,CPL KPR,LOAN,"  3,912,862,324 "
3985,CREDIT CARD,LOAN,"  23,824,922 "
3985,DEPO14H,FUNDING,  - 
3985,DEPOSITO TREASURY,FUNDING,"  575,307,171 "
3985,DEPOSITO01,FUNDING,  - 
3985,DEPOSITO03,FUNDING,"  70,900,000 "
3985,DEPOSITO06,FUNDING,  - 
3985,DEPOSITO12,FUNDING,  - 
3985,GIRO,LOAN,  - 
3985,KPR-Syariah,LOAN,"  972,039,202 "
3985,KPRSP15,LOAN,"  1,016,444,996 "
3985,KPR_KENDALI,LOAN,"  843,231,138 "
3985,KRK EMB,LOAN,"  4,009,863,334 "
3985,ORI,ORI,"  1,220,000,000 "
3985,PERSONAL LOAN,LOAN,  - 
3985,REKSA,REKSA,  - 
3985,TABSYA,FUNDING,"  106,726 "
3985,TAB_MDHRBHSYA,FUNDING,"  2,321,752,805 "
3985,TAKA,FUNDING,  - 
3985,TANDA360,FUNDING,  - 
3985,Tabungan TANDA & TABHAR,FUNDING,"  18,511,945 "
4062,CPL KPR,LOAN,"  4,859,387,612 "
4062,CREDIT CARD,LOAN,  - 
4062,DEPOSITO01,FUNDING,"  16,279,543 "
4062,DEPOSITO03,FUNDING,"  45,785,643 "
4062,DEPOSITO03SYA,FUNDING,"  43,589,931 "
4062,DEPOSITO06,FUNDING,  - 
4062,DEPOSITO12,FUNDING,"  20,000,000 "
4062,GIRO,FUNDING,  - 
4062,KPRSP15,LOAN,"  584,000,694 "
4062,KPR_KENDALI,LOAN,"  384,703,546 "
4062,MULTI CURRENCY,FUNDING,"  9,760,000 "
4062,ORI,ORI,  - 
4062,PERSONAL LOAN,LOAN,"  431,478 "
4062,TABSYA,FUNDING,"  17,099,284 "
4062,TAKA,FUNDING,  - 
4062,TAKABUNGA,FUNDING,"  16,031,072 "
4062,TANDA360,FUNDING,  - 
4062,Tabungan TANDA & TABHAR,FUNDING,"  32,129,940 "
4206,BANCA,BANCA,  - 
4206,CREDIT CARD,LOAN,  - 
4206,DEPOSITO03,FUNDING,"  10,000,000 "
4206,DEPOSITO06,FUNDING,"  110,000,000 "
4206,DEPOSITO12,FUNDING,  - 
4206,GIRO,FUNDING,  - 
4206,KPR_KENDALI,LOAN,"  2,587,076,672 "
4206,ORI,ORI,  - 
4206,PERSONAL LOAN,LOAN,  - 
4206,REKSA,REKSA,"  10,619,001 "
4206,SLDJIBOR,LOAN,"  199,594,706 "
4206,TABSYA,FUNDING,"  403,381 "
4206,TAB_MDHRBHSYA,FUNDING,"  600,309 "
4206,TAKA,FUNDING,"  1,455,927 "
4206,TANDA360,FUNDING,  - 
4206,Tabungan TANDA & TABHAR,FUNDING,  - 
4251,BANCA,BANCA,"  317,100,000 "
4251,CREDIT CARD,LOAN,  - 
4251,DEMAND LOAN EMB,LOAN,"  500,000,000 "
4251,DEPO14H,FUNDING,  - 
4251,DEPOSITO TREASURY,FUNDING,  - 
4251,DEPOSITO01,FUNDING,"  793,255,204 "
4251,DEPOSITO03,FUNDING,"  20,000,000 "
4251,DEPOSITO06,FUNDING,"  250,000,000 "
4251,GIRO,LOAN,  - 
4251,KPM,LOAN,"  4,057,800 "
4251,KPR_KENDALI,LOAN,  - 
4251,KRK EMB,LOAN,"  2,819,346,294 "
4251,MULTI CURRENCY,FUNDING,"  241,137,116,476 "
4251,ORI,ORI,  - 
4251,PERSONAL LOAN,LOAN,  - 
4251,REKSA,REKSA,"  1,009,406 "
4251,TABSYA,FUNDING,"  100,273 "
4251,TAB_MDHRBHSYA,FUNDING,"  2,032,345,818 "
4251,TAKA,FUNDING,  - 
4251,TANDA360,FUNDING,"  13,120,942 "
4251,Tabungan TANDA & TABHAR,FUNDING,"  250,350 "
4266,BANCA,BANCA,"  280,000,000 "
4266,CREDIT CARD,LOAN,"  4,049,462 "
4266,DEPOSITO01,FUNDING,"  201,057,298 "
4266,DEPOSITO03,FUNDING,"  400,000,000 "
4266,GIRO,FUNDING,"  32,750,786 "
4266,GIROSYARIAH,FUNDING,"  501,465,818 "
4266,KPR-Syariah,LOAN,  - 
4266,KPRSP15,LOAN,"  2,279,782,178 "
4266,KPR_KENDALI,LOAN,"  2,068,090,928 "
4266,KRK EMB,LOAN,"  2,774,703,310 "
4266,MULTI CURRENCY,FUNDING,"  4,034,046 "
4266,ORI,ORI,  - 
4266,PERSONAL LOAN,LOAN,"  28,988,826 "
4266,REKSA,REKSA,"  535,875 "
4266,TABSYA,FUNDING,"  126,691 "
4266,TAKA,FUNDING,"  750,000 "
4266,TAKABUNGA,FUNDING,"  16,772,240 "
4266,TANDA360,FUNDING,"  101,970,074 "
4266,Tabungan TANDA & TABHAR,FUNDING,"  4,781,847 "
4277,BANCA,BANCA,  - 
4277,CREDIT CARD,LOAN,"  12,339,430 "
4277,DEPOSITO01,FUNDING,"  26,251,848 "
4277,DEPOSITO03,FUNDING,  - 
4277,GIRO,LOAN,  - 
4277,KMG_KENDALI,LOAN,  - 
4277,KPR,LOAN,"  563,396,888 "
4277,KPR-Syariah,LOAN,"  227,011,018 "
4277,KPR_KENDALI,LOAN,"  2,315,644,778 "
4277,KRK EMB,LOAN,"  15,959,428,568 "
4277,ORI,ORI,"  600,000,000 "
4277,PERSONAL LOAN,LOAN,"  1,100,000 "
4277,REKSA,REKSA,"  189,258 "
4277,TABSYA,FUNDING,  - 
4277,TAB_MDHRBHSYA,FUNDING,"  332,499 "
4277,TAKA,FUNDING,"  4,800,000 "
4277,TANDA360,FUNDING,"  21,431,581 "
4277,Tabungan TANDA & TABHAR,FUNDING,"  36,178,606 "
4288,BANCA,BANCA,"  1,800,000 "
4288,CPL KPR,LOAN,"  3,097,467,982 "
4288,CREDIT CARD,LOAN,  - 
4288,DEPOSITO03,FUNDING,"  10,241,932 "
4288,DEPOSITO12,FUNDING,"  1,450,000,000 "
4288,GIRO,LOAN,"  3,982,424,614 "
4288,INVBACKLN_MPH,LOAN,"  2,134,387,099 "
4288,KMG_KENDALI,LOAN,"  8,803,198,934 "
4288,KPR_KENDALI,LOAN,"  1,503,029,118 "
4288,KRDJBR3,LOAN,  - 
4288,KRK EMB,LOAN,"  261,127,948 "
4288,MULTI CURRENCY,FUNDING,"  30,889,254,576 "
4288,ORI,ORI,"  1,896,375,000 "
4288,PERSONAL LOAN,LOAN,"  6,707,246 "
4288,REKSA,REKSA,"  108,365 "
4288,TABSYA,FUNDING,"  10,369 "
4288,TAKA,FUNDING,"  8,000,000 "
4288,TANDA360,FUNDING,"  1,180,501 "
4288,TERM LOAN 3M,LOAN,"  34,243,774,576 "
4288,Tabungan TANDA & TABHAR,FUNDING,"  30,000 "
4426,BANCA,BANCA,  - 
4426,CREDIT CARD,LOAN,"  89,602,004 "
4426,DEPOSITO01,FUNDING,"  200,000,000 "
4426,DEPOSITO03,FUNDING,  - 
4426,DEPOSITO06,FUNDING,"  5,000,000 "
4426,DEPOSITO12,FUNDING,"  79,275,000 "
4426,GIRO,FUNDING,"  23,518 "
4426,KPR_KENDALI,LOAN,"  1,261,404,292 "
4426,KRK,LOAN,"  41,182 "
4426,KRK EMB,LOAN,"  238,278,024 "
4426,ORI,ORI,"  20,000,000 "
4426,PERSONAL LOAN,LOAN,"  2,600,000 "
4426,REKSA,REKSA,"  846,270 "
4426,TABSYA,FUNDING,  - 
4426,TANDA360,FUNDING,  - 
4426,Tabungan TANDA & TABHAR,FUNDING,"  46,013 "
4426,,LOAN,"  18,674,220 "
4799,BANCA,BANCA,"  1,585,500,000 "
4799,CREDIT CARD,LOAN,"  57,932,782 "
4799,DEPOSITO TREASURY,FUNDING,  - 
4799,DEPOSITO01,FUNDING,"  40,000,000 "
4799,DEPOSITO01SYA,FUNDING,"  42,051,389 "
4799,DEPOSITO03,FUNDING,"  166,882,376 "
4799,DEPOSITO06,FUNDING,  - 
4799,GIRO,LOAN,  - 
4799,INVBACKLN_MPH,LOAN,"  1,198,430,934 "
4799,KPRSP15,LOAN,"  683,427,734 "
4799,KPRTOP,LOAN,"  908,078,650 "
4799,ORI,ORI,  - 
4799,PERSONAL LOAN,LOAN,"  21,323,452 "
4799,REKSA,REKSA,"  264,375 "
4799,TABSYA,FUNDING,"  1,499,298 "
4799,TAB_MDHRBHSYA,FUNDING,"  101,520 "
4799,TAKA,FUNDING,  - 
4799,TAKABUNGA,FUNDING,"  13,634,177 "
4799,TANDA360,FUNDING,  - 
4799,Tabungan TANDA & TABHAR,FUNDING,"  58,674 "
4857,BANCA,BANCA,"  1,815,371,448 "
4857,CREDIT CARD,LOAN,  - 
4857,DEPOSITO01,FUNDING,"  10,000,000 "
4857,DEPOSITO03,FUNDING,  - 
4857,DEPOSITO06,FUNDING,"  100,000,000 "
4857,DEPOSITO06SYA,FUNDING,"  100,000,000 "
4857,GIRO,FUNDING,"  214,975,063 "
4857,KMG,LOAN,"  84,853,548 "
4857,KPR_KENDALI,LOAN,"  1,600,048,796 "
4857,ORI,ORI,  - 
4857,PERSONAL LOAN,LOAN,"  27,301,264 "
4857,REKSA,REKSA,"  946,310 "
4857,TABSYA,FUNDING,"  219,307 "
4857,TAKA,FUNDING,  - 
4857,TANDA360,FUNDING,"  9,096,944 "
4857,Tabungan TANDA & TABHAR,FUNDING,"  242,053 "
4900,BANCA,BANCA,  - 
4900,CPL KPR,LOAN,"  1,218,993,598 "
4900,CREDIT CARD,LOAN,"  38,700,220 "
4900,DEMAND LOAN,LOAN,  - 
4900,DEPOSITO TREASURY,FUNDING,"  999,741,846 "
4900,DEPOSITO01,FUNDING,"  5,845,060,809 "
4900,DEPOSITO03,FUNDING,"  600,000,000 "
4900,DEPOSITO06,FUNDING,  - 
4900,DEPOSITO12,FUNDING,"  525,720,160 "
4900,GIRO,FUNDING,  - 
4900,KMG,LOAN,"  905,426,122 "
4900,KPR-Syariah,LOAN,"  1,145,108,306 "
4900,KPR_KENDALI,LOAN,"  2,715,573,768 "
4900,KRK EMB,LOAN,"  5,338,138,140 "
4900,MULTI CURRENCY,FUNDING,"  9,262,715 "
4900,ORI,ORI,"  190,000,000 "
4900,PERSONAL LOAN,LOAN,"  10,072,214 "
4900,REKSA,REKSA,  - 
4900,TABSYA,FUNDING,"  906,826,104 "
4900,TAB_MDHRBHSYA,FUNDING,"  1,015,608,091 "
4900,TAKA,FUNDING,"  22,043,062 "
4900,TAKASYA,FUNDING,"  1,005,600,000 "
4900,TANDA360,FUNDING,"  815,089 "
4900,TERM LOAN,LOAN,"  35,633,333,348 "
4900,TERM LOAN EMB,LOAN,"  5,338,992,512 "
4900,Tabungan TANDA & TABHAR,FUNDING,"  46,178 "
4926,BANCA,BANCA,"  50,000,000 "
4926,CREDIT CARD,LOAN,"  14,474,458 "
4926,DEPOSITO01,FUNDING,"  60,060,774 "
4926,DEPOSITO03,FUNDING,"  28,651,946 "
4926,DEPOSITO06,FUNDING,"  3,500,000 "
4926,GIRO,FUNDING,"  237,746,401 "
4926,KPR-Syariah,LOAN,"  602,602,740 "
4926,KPR_KENDALI,LOAN,"  622,978,620 "
4926,ORI,ORI,"  150,000,000 "
4926,PERSONAL LOAN,LOAN,"  60,213,062 "
4926,REKSA,REKSA,"  120,619,615 "
4926,TABSYA,FUNDING,"  133,012 "
4926,TAB_MDHRBHSYA,FUNDING,"  162,832,118 "
4926,TAKA,FUNDING,"  801,420 "
4926,TAKABUNGA,FUNDING,"  22,855,926 "
4926,TAKASYA,FUNDING,"  3,874,997 "
4926,TANDA360,FUNDING,"  40,740,641 "
4926,Tabungan TANDA & TABHAR,FUNDING,"  8,031,413 "
5027,BANCA,BANCA,"  417,100,000 "
5027,CPL KND,LOAN,"  12,606,231,528 "
5027,CREDIT CARD,LOAN,"  2,537,418 "
5027,DEPOSITO01,FUNDING,"  546,375,000 "
5027,DEPOSITO03,FUNDING,"  50,000,000 "
5027,DEPOSITO06,FUNDING,"  63,879,795 "
5027,DEPOSITO12,FUNDING,"  100,000,000 "
5027,GIRO,LOAN,
5027,GIRO KND,FUNDING,"  223,948,921 "
5027,INVBACKLN,LOAN,"  273,402,690 "
5027,KPR-Syariah,LOAN,"  598,039,326 "
5027,KPR_KENDALI,LOAN,"  752,935,162 "
5027,MULTI CURRENCY,FUNDING,"  239,134,901 "
5027,ORI,ORI,"  2,600,000,000 "
5027,PERSONAL LOAN,LOAN,"  157,603 "
5027,REKSA,REKSA,"  22,629,997 "
5027,TABSYA,FUNDING,"  117,230 "
5027,TAKA,FUNDING,"  6,600,000 "
5027,TANDA360,FUNDING,"  114,031,889 "
5027,Tabungan TANDA & TABHAR,FUNDING,"  230,148,326 "
5203,BANCA,BANCA,"  300,000 "
5203,CREDIT CARD,LOAN,"  2,000,000 "
5203,DEPOSITO01,FUNDING,"  35,000,000 "
5203,DEPOSITO01SYA,FUNDING,"  50,000,000 "
5203,DEPOSITO03,FUNDING,"  15,000,000 "
5203,DEPOSITO12,FUNDING,"  35,000,000 "
5203,GIRO,FUNDING,  - 
5203,KPR-Syariah_EASY,LOAN,"  1,766,736,278 "
5203,KRK,LOAN,"  998,051,573 "
5203,MULTI CURRENCY,FUNDING,"  2,343,406 "
5203,ORI,ORI,"  30,000,000 "
5203,PERSONAL LOAN,LOAN,"  1,869,760 "
5203,REKSA,REKSA,"  302,090,864 "
5203,TABSYA,FUNDING,"  107,006 "
5203,TAB_MDHRBHSYA,FUNDING,"  1,108,101,798 "
5203,TAKA,FUNDING,"  14,890,176 "
5203,TAKABUNGA,FUNDING,"  47,845,808 "
5203,TAKASYA,FUNDING,"  2,014,300,000 "
5203,TANDA360,FUNDING,"  22,953,362 "
5203,Tabungan TANDA & TABHAR,FUNDING,"  2,328,059 "
5225,BANCA,BANCA,  - 
5225,CREDIT CARD,LOAN,  - 
5225,DEPOSITO01,FUNDING,"  500,000,000 "
5225,DEPOSITO03,FUNDING,"  500,000,000 "
5225,DEPOSITO03SYA,FUNDING,  - 
5225,DEPOSITO06,FUNDING,"  792,750,000 "
5225,DEPOSITO12,FUNDING,"  125,000,000 "
5225,GIRO,FUNDING,  - 
5225,KPR,LOAN,  - 
5225,KRK EMB,LOAN,"  17,530,061,024 "
5225,MULTI CURRENCY,FUNDING,"  15,024,519 "
5225,ORI,ORI,  - 
5225,PERSONAL LOAN,LOAN,"  42,863,112 "
5225,REKSA,REKSA,"  4,071,793 "
5225,TABSYA,FUNDING,"  40,578,089 "
5225,TAB_MDHRBHSYA,FUNDING,"  100,712 "
5225,TAKA,FUNDING,"  20,346,260 "
5225,TANDA360,FUNDING,  - 
5225,Tabungan TANDA & TABHAR,FUNDING,"  8,468,309 "
5232,BANCA,BANCA,"  10,000,000 "
5232,CPL KPR,LOAN,"  12,923,092,004 "
5232,CREDIT CARD,LOAN,"  110,691,504 "
5232,DEPOSITO01,FUNDING,"  376,027,570 "
5232,DEPOSITO01SYA,FUNDING,"  89,251,882 "
5232,DEPOSITO03,FUNDING,"  200,000,000 "
5232,DEPOSITO06,FUNDING,"  10,000,000 "
5232,GIRO,FUNDING,  - 
5232,KPR,LOAN,"  532,731,190 "
5232,KPR_KENDALI,LOAN,"  2,246,008,038 "
5232,KRK EMB,LOAN,"  633,860,829 "
5232,MULTI CURRENCY,FUNDING,  - 
5232,MULTI CURRENCY SYA,FUNDING,"  100,001 "
5232,ORI,ORI,"  135,000,000 "
5232,PERSONAL LOAN,LOAN,"  23,784,072 "
5232,REKSA,REKSA,"  25,171 "
5232,TABSYA,FUNDING,  - 
5232,TAB_MDHRBHSYA,FUNDING,"  105,017,338 "
5232,TAKA,FUNDING,"  4,068,921 "
5232,TAKASYA,FUNDING,  - 
5232,TANDA360,FUNDING,"  48,140,295 "
5232,Tabungan TANDA & TABHAR,FUNDING,  - 
5312,BANCA,BANCA,  - 
5312,CREDIT CARD,LOAN,"  12,645,906 "
5312,DEPO14H,FUNDING,"  500,000,000 "
5312,DEPOSITO01,FUNDING,"  5,000,000 "
5312,DEPOSITO03,FUNDING,  - 
5312,DEPOSITO06,FUNDING,"  20,000,000 "
5312,GIRO,FUNDING,  - 
5312,KPR,LOAN,"  313,900,164 "
5312,KPR_KENDALI,LOAN,"  5,565,954,152 "
5312,ORI,ORI,"  1,780,000,000 "
5312,PERSONAL LOAN,LOAN,  - 
5312,REKSA,REKSA,  - 
5312,TABSYA,FUNDING,"  61,229 "
5312,TAB_MDHRBHSYA,FUNDING,"  133,074 "
5312,TAKA,FUNDING,"  1,656,302 "
5312,TANDA360,FUNDING,  - 
5312,Tabungan TANDA & TABHAR,FUNDING,"  12,110,897 "
5463,BANCA,BANCA,  - 
5463,CREDIT CARD,LOAN,"  18,494,511 "
5463,DEPOSITO01,FUNDING,"  300,000,000 "
5463,DEPOSITO03,FUNDING,"  500,000,000 "
5463,DEPOSITO06,FUNDING,"  51,411,730 "
5463,DEPOSITO12,FUNDING,"  31,080,000 "
5463,GIRO,LOAN,  - 
5463,KPR_KENDALI,LOAN,"  1,242,145,582 "
5463,MULTI CURRENCY,FUNDING,"  201,303,507 "
5463,ORI,ORI,  - 
5463,PERSONAL LOAN,LOAN,"  239,908 "
5463,REKSA,REKSA,"  10,740,027 "
5463,TABSYA,FUNDING,"  851,214 "
5463,TANDA360,FUNDING,"  372,878 "
5463,Tabungan TANDA & TABHAR,FUNDING,"  2,173,263 "
5725,BANCA,BANCA,"  147,000,000 "
5725,CREDIT CARD,LOAN,"  37,116,570 "
5725,DEPOSITO TREASURY,FUNDING,"  502,257,975 "
5725,DEPOSITO01,FUNDING,"  105,570,913 "
5725,DEPOSITO03,FUNDING,"  5,000,000 "
5725,DEPOSITO12,FUNDING,"  1,300,000,000 "
5725,GIRO,FUNDING,"  722,471,778 "
5725,KMG,LOAN,"  49,533,018 "
5725,KPR_KENDALI,LOAN,"  546,375,852 "
5725,ORI,ORI,  - 
5725,PERSONAL LOAN,LOAN,"  3,575,758 "
5725,REKSA,REKSA,  - 
5725,TABSYA,FUNDING,  - 
5725,TAKA,FUNDING,"  1,000,000 "
5725,TANDA360,FUNDING,"  71,976,861 "
5725,Tabungan TANDA & TABHAR,FUNDING,"  21,664 "
5849,BANCA,BANCA,"  964,951,155 "
5849,CREDIT CARD,LOAN,  - 
5849,DEPOSITO01,FUNDING,"  2,000,000,000 "
5849,DEPOSITO03,FUNDING,"  5,900,000 "
5849,DEPOSITO06,FUNDING,"  100,000,000 "
5849,GIRO,LOAN,
5849,GIROSYARIAH,LOAN,
5849,KPRSP15,LOAN,"  2,077,634,276 "
5849,KPR_KENDALI,LOAN,"  2,142,301,670 "
5849,MULTI CURRENCY,FUNDING,"  19,150,914 "
5849,ORI,ORI,"  1,950,000,000 "
5849,PERSONAL LOAN,LOAN,"  14,482,378 "
5849,REKSA,REKSA,"  1,160,461 "
5849,TABSYA,FUNDING,"  10,126,468 "
5849,TAB_MDHRBHSYA,FUNDING,"  102,998 "
5849,TAKA,FUNDING,"  4,800,000 "
5849,TANDA360,FUNDING,  - 
5849,TERM LOAN,LOAN,"  65,473,183,908 "
5849,Tabungan TANDA & TABHAR,FUNDING,"  157,257 "
5952,BANCA,BANCA,  - 
5952,CREDIT CARD,LOAN,  - 
5952,DEMAND LOAN,LOAN,"  440,000,000 "
5952,DEPOSITO01,FUNDING,  - 
5952,DEPOSITO03,FUNDING,  - 
5952,DEPOSITO06,FUNDING,"  83,015,448 "
5952,DEPOSITO12,FUNDING,"  50,000,000 "
5952,GIRO,FUNDING,"  2,683,473 "
5952,KPR,LOAN,"  1,081,175,620 "
5952,KPR-Syariah_EASY,LOAN,"  1,306,379,918 "
5952,KPR_KENDALI,LOAN,"  313,998,058 "
5952,ORI,ORI,"  500,000,000 "
5952,PERSONAL LOAN,LOAN,  - 
5952,PERSONAL LOAN_DAILY,LOAN,"  280,000,000 "
5952,REKSA,REKSA,"  623,851 "
5952,TABSYA,FUNDING,"  249,690 "
5952,TAKA,FUNDING,  - 
5952,TANDA360,FUNDING,"  34,444,598 "
5952,Tabungan TANDA & TABHAR,FUNDING,  - 
5952,Tabungan TANDA & TABHAR_02,FUNDING,"  27,566,642 "
6133,BANCA,BANCA,"  792,750,000 "
6133,CREDIT CARD,LOAN,"  255,293,764 "
6133,DEPOSITO01,FUNDING,"  1,000,000,000 "
6133,DEPOSITO03,FUNDING,"  2,000,000,000 "
6133,DEPOSITO06,FUNDING,  - 
6133,DEPOSITO12,FUNDING,"  310,222,371 "
6133,GIRO,LOAN,  - 
6133,KMG,LOAN,"  203,761,576 "
6133,KPRSP15,LOAN,"  650,291,206 "
6133,KPR_KENDALI,LOAN,"  1,544,329,372 "
6133,MULTI CURRENCY,FUNDING,  118 
6133,ORI,ORI,  - 
6133,PERSONAL LOAN,LOAN,  - 
6133,REKSA,REKSA,"  998,401 "
6133,TABSYA,FUNDING,"  275,000 "
6133,TAKA,FUNDING,"  80,000,000 "
6133,TANDA360,FUNDING,"  100,849 "
6133,Tabungan TANDA & TABHAR,FUNDING,"  802,844,591 "
6217,BANCA,BANCA,  - 
6217,CREDIT CARD,LOAN,"  4,750 "
6217,DEPOSITO01,FUNDING,"  30,042,954,983 "
6217,DEPOSITO03,FUNDING,"  1,650,000,000 "
6217,DEPOSITO06,FUNDING,  - 
6217,DEPOSITO12,FUNDING,"  10,000,000 "
6217,GIRO,FUNDING,  - 
6217,KPM,LOAN,"  7,712,082 "
6217,KPR,LOAN,"  553,105,400 "
6217,KPR-Syariah_EASY,LOAN,"  3,291,083,380 "
6217,KPRSP15,LOAN,"  1,656,594,046 "
6217,KPR_KENDALI,LOAN,"  282,560,796 "
6217,ORI,ORI,  - 
6217,PERSONAL LOAN,LOAN,  - 
6217,REKSA,REKSA,"  1,544,063 "
6217,TABSYA,FUNDING,"  139,256 "
6217,TAKABUNGA,FUNDING,"  3,180,263 "
6217,TANDA360,FUNDING,"  42,272,699 "
6217,TERM LOAN,LOAN,"  205,144,955,628 "
6217,Tabungan TANDA & TABHAR,FUNDING,"  164,667 "
6326,BANCA,BANCA,"  500,000,000 "
6326,CREDIT CARD,LOAN,"  8,049,080 "
6326,DEPOSITO01,FUNDING,"  500,000,000 "
6326,DEPOSITO03,FUNDING,"  95,807,333 "
6326,DEPOSITO06,FUNDING,"  5,000,000 "
6326,GIRO,FUNDING,"  217,437,684 "
6326,KPR-Syariah,LOAN,  - 
6326,KPR_KENDALI,LOAN,"  733,070,716 "
6326,MULTI CURRENCY,FUNDING,  - 
6326,ORI,ORI,"  20,000,000 "
6326,PERSONAL LOAN,LOAN,"  26,372,506 "
6326,REKSA,REKSA,  - 
6326,TABSYA,FUNDING,  - 
6326,TAB_MDHRBHSYA,FUNDING,"  103,639 "
6326,TAKA,FUNDING,"  122,333,956 "
6326,TAKABUNGA,FUNDING,"  46,720,597 "
6326,TANDA360,FUNDING,"  199,085,075 "
6326,Tabungan TANDA & TABHAR,FUNDING,"  5,741,679 "
6386,BANCA,BANCA,  - 
6386,CPL KPR,LOAN,"  1,737,143,790 "
6386,CREDIT CARD,LOAN,"  10,945,698 "
6386,DEPOSITO TREASURY,FUNDING,  - 
6386,DEPOSITO01,FUNDING,"  250,000,000 "
6386,DEPOSITO03,FUNDING,"  100,957,069 "
6386,DEPOSITO06,FUNDING,"  22,787,096 "
6386,GIRO,FUNDING,  - 
6386,KPM,LOAN,"  12,380,430 "
6386,MULTI CURRENCY,FUNDING,"  2,928,400 "
6386,ORI,ORI,  - 
6386,PERSONAL LOAN,LOAN,"  16,060,746 "
6386,REKSA,REKSA,"  32,231,412 "
6386,TABSYA,FUNDING,  - 
6386,TAB_MDHRBHSYA,FUNDING,"  202,195 "
6386,TAKA,FUNDING,"  6,155,278 "
6386,TANDA360,FUNDING,  - 
6386,Tabungan TANDA & TABHAR,FUNDING,"  4,967,843 "
65,Tabungan TANDA & TABHAR,FUNDING,"  15,036,089 "
6513,BANCA,BANCA,  - 
6513,CREDIT CARD,LOAN,  - 
6513,DEPOSITO01,FUNDING,"  10,000,000 "
6513,DEPOSITO03,FUNDING,"  300,000,000 "
6513,DEPOSITO12,FUNDING,"  10,000,000 "
6513,GIRO,FUNDING,"  111,915,336 "
6513,KMG_KENDALI,LOAN,"  1,218,029,554 "
6513,KPR,LOAN,"  342,445,884 "
6513,KPR_KENDALI,LOAN,"  2,083,232,816 "
6513,KRK EMB,LOAN,"  4,561,858,104 "
6513,ORI,ORI,"  500,000,000 "
6513,PERSONAL LOAN,LOAN,  - 
6513,REKSA,REKSA,"  1,999,224 "
6513,TABSYA,FUNDING,"  103,507 "
6513,TAB_MDHRBHSYA,FUNDING,"  170,753 "
6513,TANDA360,FUNDING,"  1,190,430 "
6513,TERM LOAN EMB,LOAN,"  1,900,000,000 "
6513,Tabungan TANDA & TABHAR,FUNDING,"  2,188,672 "
6604,BANCA,BANCA,"  3,182,750,000 "
6604,CREDIT CARD,LOAN,"  11,526 "
6604,DEPOSITO01,FUNDING,"  2,500,000,000 "
6604,DEPOSITO03,FUNDING,"  25,000,000 "
6604,DEPOSITO06,FUNDING,"  78,000,000 "
6604,DEPOSITO12,FUNDING,"  88,695,929 "
6604,GIRO,LOAN,  - 
6604,KPR_KENDALI,LOAN,"  1,951,217,848 "
6604,ORI,ORI,"  100,000,000 "
6604,PERSONAL LOAN,LOAN,  - 
6604,REKSA,REKSA,"  4,722,988 "
6604,TABSYA,FUNDING,  - 
6604,TAB_MDHRBHSYA,FUNDING,"  151,950 "
6604,TAKA,FUNDING,  - 
6604,TANDA360,FUNDING,  - 
6604,Tabungan TANDA & TABHAR,FUNDING,  - 
6911,BANCA,BANCA,"  400,000,000 "
6911,CREDIT CARD,LOAN,"  6,031,422 "
6911,DEPOSITO01,FUNDING,"  59,302,592 "
6911,DEPOSITO03,FUNDING,  - 
6911,DEPOSITO06,FUNDING,"  20,000,000 "
6911,GIRO,LOAN,  - 
6911,KPR-Syariah,LOAN,"  2,228,548,354 "
6911,KPR_KENDALI,LOAN,"  798,412,210 "
6911,MULTI CURRENCY,FUNDING,  - 
6911,ORI,ORI,"  550,000,000 "
6911,PERSONAL LOAN,LOAN,"  1,485,912 "
6911,REKSA,REKSA,"  12,028,176 "
6911,TABSYA,FUNDING,  - 
6911,TAB_MDHRBHSYA,FUNDING,"  153,454 "
6911,TAKA,FUNDING,"  102,000,000 "
6911,TAKABUNGA,FUNDING,  - 
6911,TAKASYA,FUNDING,  - 
6911,TANDA360,FUNDING,"  197,652,550 "
6911,Tabungan TANDA & TABHAR,FUNDING,"  71,432,259 "
7023,BANCA,BANCA,"  1,052,750,000 "
7023,CREDIT CARD,LOAN,"  24,375,576 "
7023,DEPOSITO01,FUNDING,"  600,000,000 "
7023,DEPOSITO03,FUNDING,"  237,825,000 "
7023,GIRO,FUNDING,"  38,417,498 "
7023,INVBACKLN_MPH,LOAN,"  423,587,571 "
7023,ORI,ORI,  - 
7023,PERSONAL LOAN,LOAN,"  24,599,620 "
7023,REKSA,REKSA,"  25,895 "
7023,TABSYA,FUNDING,  - 
7023,TAKA,FUNDING,"  781,170 "
7023,TAKASYA,FUNDING,"  101,600,000 "
7023,TANDA360,FUNDING,"  539,138 "
7023,Tabungan TANDA & TABHAR,FUNDING,  - 
7027,CREDIT CARD,LOAN,"  121,819,960 "
7027,DEPO14H,FUNDING,"  100,000,000 "
7027,DEPOSITO01,FUNDING,"  100,000,000 "
7027,DEPOSITO01SYA,FUNDING,"  100,000,000 "
7027,DEPOSITO03,FUNDING,"  100,000,000 "
7027,DEPOSITO06,FUNDING,"  1,000,000,000 "
7027,DEPOSITO12,FUNDING,"  30,000,000 "
7027,GIRO,LOAN,  - 
7027,KPR_KENDALI,LOAN,"  2,838,162,434 "
7027,KRK EMB,LOAN,"  3,138,788,292 "
7027,ORI,ORI,  - 
7027,PERSONAL LOAN,LOAN,  - 
7027,REKSA,REKSA,  - 
7027,TABSYA,FUNDING,"  614,430 "
7027,TAB_MDHRBHSYA,FUNDING,"  2,979,151 "
7027,TAKA,FUNDING,  - 
7027,TANDA360,FUNDING,"  628,652 "
7027,Tabungan TANDA & TABHAR,FUNDING,  - 
7050,BANCA,BANCA,"  175,000,000 "
7050,CREDIT CARD,LOAN,  - 
7050,DEPO14H,FUNDING,  - 
7050,DEPOSITO TREASURY,FUNDING,"  765,495,425 "
7050,DEPOSITO01,FUNDING,"  500,000,000 "
7050,DEPOSITO03,FUNDING,"  70,534,804 "
7050,DEPOSITO12,FUNDING,"  1,500,000,000 "
7050,GIRO,FUNDING,  - 
7050,GIROSYARIAH,FUNDING,"  108,671 "
7050,KPR,LOAN,"  727,462,276 "
7050,KRK EMB,LOAN,"  6,885,779,606 "
7050,MULTI CURRENCY,FUNDING,"  120,566 "
7050,ORI,ORI,  - 
7050,PERSONAL LOAN,LOAN,"  202,716 "
7050,REKSA,REKSA,"  31,690,804 "
7050,TABSYA,FUNDING,"  102,700 "
7050,TAKA,FUNDING,"  5,926,287 "
7050,TAKABUNGA,FUNDING,"  42,546,110 "
7050,TANDA360,FUNDING,"  12,380,819 "
7050,Tabungan TANDA & TABHAR,FUNDING,"  1,621,307 "
7163,BANCA,BANCA,  - 
7163,CREDIT CARD,LOAN,"  31,025,392 "
7163,DEMAND LOAN,LOAN,  - 
7163,DEPOSITO01,FUNDING,"  113,485,651 "
7163,DEPOSITO03,FUNDING,  - 
7163,GIRO,FUNDING,  - 
7163,GIROSYARIAH,FUNDING,"  100,169 "
7163,KPR-Syariah,LOAN,"  1,773,701,704 "
7163,KPR-Syariah_EASY,LOAN,"  1,490,120,976 "
7163,KPRSP15,LOAN,"  1,573,412,582 "
7163,KPR_KENDALI,LOAN,"  1,562,068,938 "
7163,KRK,LOAN,"  226,966,715 "
7163,MULTI CURRENCY,FUNDING,"  6,378,601 "
7163,MULTI CURRENCY SYA,FUNDING,"  26,564,330 "
7163,ORI,ORI,"  100,000,000 "
7163,PERSONAL LOAN,LOAN,  - 
7163,REKSA,REKSA,  - 
7163,TABSYA,FUNDING,"  70,000 "
7163,TAKA,FUNDING,  - 
7163,TAKASYA,FUNDING,"  1,054,449,267 "
7163,TANDA360,FUNDING,  - 
7163,Tabungan TANDA & TABHAR,FUNDING,"  18,384,555 "
7170,BANCA,BANCA,"  2,200,000 "
7170,CREDIT CARD,LOAN,  - 
7170,DEPOSITO01,FUNDING,"  90,137,458 "
7170,DEPOSITO03,FUNDING,"  95,928,189 "
7170,DEPOSITO06,FUNDING,"  160,000,000 "
7170,GIRO,LOAN,  - 
7170,GIRO KND,FUNDING,"  536,189,528 "
7170,GIROSYARIAH,FUNDING,"  2,004,599 "
7170,KPRSP15,LOAN,"  1,844,568,800 "
7170,KPR_KENDALI,LOAN,"  2,886,298,918 "
7170,MULTI CURRENCY,FUNDING,"  26,667,350,977 "
7170,ORI,ORI,"  3,729,125,000 "
7170,PERSONAL LOAN,LOAN,"  387,054 "
7170,REKSA,REKSA,  - 
7170,TABSYA,FUNDING,  - 
7170,TAB_MDHRBHSYA,FUNDING,"  211,571 "
7170,TAKA,FUNDING,"  2,000,000 "
7170,TAKASYA,FUNDING,"  4,860,440 "
7170,TANDA360,FUNDING,"  2,056,840 "
7170,TERM LOAN EMB KND,LOAN,"  817,611,770 "
7170,Tabungan TANDA & TABHAR,FUNDING,"  3,234,304 "
7550,BANCA,BANCA,  - 
7550,CREDIT CARD,LOAN,"  124,245,452 "
7550,DEPOSITO01,FUNDING,"  32,797,143 "
7550,DEPOSITO03,FUNDING,  - 
7550,DEPOSITO12,FUNDING,  - 
7550,GIRO,FUNDING,  - 
7550,KPR-Syariah_EASY,LOAN,"  1,271,794,362 "
7550,KPRSP15,LOAN,"  700,258,036 "
7550,KPR_KENDALI,LOAN,"  2,849,628,114 "
7550,KRK EMB,LOAN,"  9,398,719,216 "
7550,ORI,ORI,  - 
7550,PERSONAL LOAN,LOAN,"  266,780 "
7550,REKSA,REKSA,  - 
7550,TABSYA,FUNDING,  - 
7550,TAB_MDHRBHSYA,FUNDING,"  101,389,937 "
7550,TAKA,FUNDING,"  884,100 "
7550,TAKASYA,FUNDING,"  1,000,000 "
7550,TANDA360,FUNDING,  - 
7550,TERM LOAN EMB,LOAN,"  1,021,586,924 "
7550,Tabungan TANDA & TABHAR,FUNDING,"  1,577,592 "
7669,BANCA,BANCA,"  57,933,333 "
7669,CPL KPR,LOAN,"  2,062,165,974 "
7669,CREDIT CARD,LOAN,  2 
7669,DEMAND LOAN,LOAN,"  140,000,000,000 "
7669,DEPOHAR 21-31,FUNDING,  - 
7669,DEPOSITO01,FUNDING,"  6,800,000,000 "
7669,DEPOSITO03,FUNDING,  - 
7669,DEPOSITO06,FUNDING,  - 
7669,GIRO,LOAN,  - 
7669,KPR_FIXED_THP,LOAN,"  5,671,922,720 "
7669,KPR_KENDALI,LOAN,"  753,974,790 "
7669,KRK,LOAN,"  2,966,675,096 "
7669,KRK EMB,LOAN,"  10,824,981,600 "
7669,ORI,ORI,  - 
7669,PERSONAL LOAN,LOAN,  - 
7669,REKSA,REKSA,"  1,158,520 "
7669,TABSYA,FUNDING,  - 
7669,TAKA,FUNDING,"  12,408,477 "
7669,TANDA360,FUNDING,"  101,036 "
7669,TERM LOAN,LOAN,"  6,062,558,400 "
7669,TERM LOAN EMB,LOAN,"  3,163,955,176 "
7669,Tabungan TANDA & TABHAR,FUNDING,"  17,537 "
7732,BANCA,BANCA,"  200,000,000 "
7732,CPL KND,LOAN,"  1,969,752,268 "
7732,CREDIT CARD,LOAN,  - 
7732,DEPOSITO01,FUNDING,"  60,000,000 "
7732,DEPOSITO03,FUNDING,"  250,000,000 "
7732,DEPOSITO06,FUNDING,"  30,000,000 "
7732,DEPOSITO12,FUNDING,"  1,500,000,000 "
7732,GIRO,LOAN,  - 
7732,GIRO KND,FUNDING,"  13,375,432 "
7732,KPR,LOAN,"  388,950,256 "
7732,KPR_KENDALI,LOAN,"  941,516,906 "
7732,KRK EMB,LOAN,"  905,244,754 "
7732,MULTI CURRENCY,FUNDING,"  222,246,750,263 "
7732,ORI,ORI,"  50,000,000 "
7732,PERSONAL LOAN,LOAN,"  1,853,898 "
7732,REKSA,REKSA,  - 
7732,TABSYA,FUNDING,"  2,163,937 "
7732,TAKA,FUNDING,"  3,686,490 "
7732,TAKABUNGA,FUNDING,  - 
7732,TANDA360,FUNDING,"  6,214,407 "
7732,Tabungan TANDA & TABHAR,FUNDING,"  13,381,116 "
7743,BANCA,BANCA,"  5,062,500 "
7743,CREDIT CARD,LOAN,  - 
7743,DEPOSITO01,FUNDING,"  88,770,426 "
7743,DEPOSITO03,FUNDING,"  25,239,452 "
7743,DEPOSITO06,FUNDING,"  200,000,000 "
7743,DEPOSITO12,FUNDING,"  10,000,000 "
7743,GIRO,FUNDING,  - 
7743,KPR-Syariah_EASY,LOAN,"  2,547,121,024 "
7743,KPRSP15,LOAN,"  1,304,482,916 "
7743,KPR_KENDALI,LOAN,"  789,547,000 "
7743,KRK EMB,LOAN,"  1,136,928,601 "
7743,MULTI CURRENCY,FUNDING,  - 
7743,MULTI CURRENCY SYA,FUNDING,"  5,707,045 "
7743,ORI,ORI,  - 
7743,PERSONAL LOAN,LOAN,  - 
7743,REKSA,REKSA,"  15,297,090 "
7743,TABSYA,FUNDING,"  122,622 "
7743,TAB_MDHRBHSYA,FUNDING,"  164,551 "
7743,TAKA,FUNDING,"  624,936 "
7743,TAKABUNGA,FUNDING,"  15,926,688 "
7743,TAKASYA,FUNDING,"  2,400,000 "
7743,TANDA360,FUNDING,"  1,928,898 "
7743,Tabungan TANDA & TABHAR,FUNDING,  - 
7772,BANCA,BANCA,"  5,000,000 "
7772,CREDIT CARD,LOAN,"  25,522,268 "
7772,DEPOSITO01,FUNDING,"  233,000,000 "
7772,DEPOSITO03,FUNDING,"  500,000,000 "
7772,DEPOSITO06,FUNDING,"  587,356,402 "
7772,DEPOSITO12,FUNDING,  - 
7772,GIRO,LOAN,  - 
7772,ORI,ORI,  - 
7772,PERSONAL LOAN,LOAN,"  19,689,710 "
7772,REKSA,REKSA,"  1,177,959 "
7772,TABSYA,FUNDING,"  104,930 "
7772,TAB_MDHRBHSYA,FUNDING,"  191,954 "
7772,TAKA,FUNDING,"  40,313,031 "
7772,TANDA360,FUNDING,  - 
7772,Tabungan TANDA & TABHAR,FUNDING,  - 
786,PERSONAL LOAN,LOAN,"  23,800,000 "
7903,BANCA,BANCA,  - 
7903,CREDIT CARD,LOAN,  - 
7903,DEPOSITO01,FUNDING,  - 
7903,DEPOSITO01SYA,FUNDING,"  25,000,000 "
7903,DEPOSITO03,FUNDING,"  100,000,000 "
7903,DEPOSITO12,FUNDING,  - 
7903,GIRO,LOAN,  - 
7903,KPRSP15,LOAN,"  1,099,110,248 "
7903,KPR_KENDALI,LOAN,"  1,225,378,696 "
7903,ORI,ORI,"  12,921,825,000 "
7903,PERSONAL LOAN,LOAN,"  161,950 "
7903,REKSA,REKSA,  - 
7903,TABSYA,FUNDING,"  2,115,437 "
7903,TAB_MDHRBHSYA,FUNDING,"  8,008,581,979 "
7903,TAKA,FUNDING,"  100,000 "
7903,TANDA360,FUNDING,"  41,453,833 "
7903,Tabungan TANDA & TABHAR,FUNDING,"  211,045 "
7969,BANCA,BANCA,"  26,000,000 "
7969,CREDIT CARD,LOAN,"  80,335,676 "
7969,DEPO14H,FUNDING,  - 
7969,DEPOSITO01,FUNDING,"  15,000,000 "
7969,DEPOSITO03,FUNDING,"  50,000,000 "
7969,DEPOSITO06,FUNDING,"  22,203,249 "
7969,DEPOSITO12,FUNDING,"  60,000,000 "
7969,GIRO,FUNDING,"  93,787 "
7969,ORI,ORI,"  50,000,000 "
7969,PERSONAL LOAN,LOAN,"  28,030,770 "
7969,REKSA,REKSA,"  633,288 "
7969,TABSYA,FUNDING,"  22,711 "
7969,TAKA,FUNDING,"  2,703,789 "
7969,TAKASYA,FUNDING,"  1,187,500 "
7969,TANDA360,FUNDING,"  6,689,938 "
7969,Tabungan TANDA & TABHAR,FUNDING,"  166,301,041 "
8097,BANCA,BANCA,"  60,000,000 "
8097,CPL KPR,LOAN,  - 
8097,CREDIT CARD,LOAN,"  8,833,384 "
8097,DEPOSITO01,FUNDING,"  500,000,000 "
8097,DEPOSITO03,FUNDING,  - 
8097,DEPOSITO06,FUNDING,  - 
8097,DEPOSITO12,FUNDING,"  47,565,000 "
8097,GIRO,LOAN,
8097,KPR-Syariah,LOAN,"  3,159,764,354 "
8097,KPR_KENDALI,LOAN,"  904,107,076 "
8097,ORI,ORI,"  30,000,000 "
8097,PERSONAL LOAN,LOAN,"  528,072 "
8097,REKSA,REKSA,"  11,953,158 "
8097,TABSYA,FUNDING,"  228,047 "
8097,TAKA,FUNDING,"  5,000,000 "
8097,TAKASYA,FUNDING,  - 
8097,TANDA360,FUNDING,"  37,179,024 "
8097,Tabungan TANDA & TABHAR,FUNDING,"  18,605,492 "
8304,BANCA,BANCA,"  110,000,000 "
8304,CREDIT CARD,LOAN,  - 
8304,DEPOSITO01,FUNDING,"  55,547,522 "
8304,DEPOSITO03,FUNDING,"  250,000,000 "
8304,DEPOSITO06,FUNDING,  - 
8304,GIRO,FUNDING,"  72,261,509 "
8304,MULTI CURRENCY,FUNDING,"  50,624,482 "
8304,ORI,ORI,"  100,000,000 "
8304,PERSONAL LOAN,LOAN,  - 
8304,REKSA,REKSA,"  23,829,529 "
8304,TABSYA,FUNDING,"  14,437,427 "
8304,TAKA,FUNDING,"  1,045,745 "
8304,TANDA360,FUNDING,  - 
8304,Tabungan TANDA & TABHAR,FUNDING,"  2,421,237 "
8644,BANCA,BANCA,"  396,375,000 "
8644,CREDIT CARD,LOAN,"  69,664,472 "
8644,DEPO14H,FUNDING,  - 
8644,DEPOSITO01,FUNDING,  - 
8644,DEPOSITO03,FUNDING,"  25,000,000 "
8644,DEPOSITO06,FUNDING,"  210,000,000 "
8644,DEPOSITO12,FUNDING,"  40,000,000 "
8644,GIRO,FUNDING,  - 
8644,KPR-MYPA,LOAN,"  16,535,024 "
8644,KPR_KENDALI,LOAN,"  1,206,408,014 "
8644,MULTI CURRENCY,FUNDING,"  1,909,486 "
8644,ORI,ORI,"  1,126,375,000 "
8644,PERSONAL LOAN,LOAN,"  26,613,978 "
8644,REKSA,REKSA,  - 
8644,TABSYA,FUNDING,  - 
8644,TAKA,FUNDING,"  21,701,482 "
8644,TANDA360,FUNDING,"  82,509 "
8644,Tabungan TANDA & TABHAR,FUNDING,  - 
8779,BANCA,BANCA,"  1,585,500,000 "
8779,CREDIT CARD,LOAN,  - 
8779,DEPO14H,FUNDING,  - 
8779,DEPOSITO01,FUNDING,"  480,000,000 "
8779,DEPOSITO03,FUNDING,"  25,643,338 "
8779,DEPOSITO06,FUNDING,"  50,000,000 "
8779,GIRO,FUNDING,"  69,285,184 "
8779,KPR_KENDALI,LOAN,"  1,233,707,238 "
8779,MULTI CURRENCY,FUNDING,"  17,803,996 "
8779,ORI,ORI,"  708,000,000 "
8779,PERSONAL LOAN,LOAN,"  18,929,510 "
8779,REKSA,REKSA,  - 
8779,TABSYA,FUNDING,  - 
8779,TAKA,FUNDING,"  6,010,659 "
8779,TAKASYA,FUNDING,  - 
8779,TANDA360,FUNDING,"  167,451 "
8779,Tabungan TANDA & TABHAR,FUNDING,"  37,740 "
8797,BANCA,BANCA,  - 
8797,CPL KPR,LOAN,"  3,465,311,964 "
8797,CREDIT CARD,LOAN,"  8,594,520 "
8797,DEPOSITO01,FUNDING,"  5,000,000 "
8797,DEPOSITO03,FUNDING,"  13,000,000 "
8797,DEPOSITO06,FUNDING,  - 
8797,DEPOSITO12,FUNDING,"  32,531,566 "
8797,GIRO,FUNDING,"  29,657,411 "
8797,MULTI CURRENCY SYA,FUNDING,"  1,016,055,000 "
8797,ORI,ORI,"  150,000,000 "
8797,PERSONAL LOAN,LOAN,"  1,483,186 "
8797,TABSYA,FUNDING,  - 
8797,TAKA,FUNDING,"  6,839,349 "
8797,TANDA360,FUNDING,"  9,300,540 "
8797,Tabungan TANDA & TABHAR,FUNDING,  - 
9216,BANCA,BANCA,"  240,000,000 "
9216,CREDIT CARD,LOAN,  - 
9216,DEPOSITO01,FUNDING,  - 
9216,DEPOSITO03,FUNDING,  - 
9216,DEPOSITO06,FUNDING,"  79,275,000 "
9216,DEPOSITO12,FUNDING,"  112,443,660 "
9216,GIRO,LOAN,  - 
9216,KPR-Syariah_EASY,LOAN,"  1,918,328,348 "
9216,KPR_KENDALI,LOAN,"  260,663,048 "
9216,ORI,ORI,"  475,650,000 "
9216,PERSONAL LOAN,LOAN,"  197,052 "
9216,REKSA,REKSA,  - 
9216,TABSYA,FUNDING,  - 
9216,TAKA,FUNDING,"  500,000 "
9216,TAKASYA,FUNDING,"  1,400,000 "
9216,TANDA360,FUNDING,  - 
9216,Tabungan TANDA & TABHAR,FUNDING,"  15,669 "
9227,BANCA,BANCA,  - 
9227,CREDIT CARD,LOAN,  - 
9227,DEPOSITO03,FUNDING,"  30,000,000 "
9227,DEPOSITO06,FUNDING,  - 
9227,GIRO,LOAN,  - 
9227,GIROSYARIAH,FUNDING,"  20,131,163 "
9227,KPR,LOAN,"  331,361,350 "
9227,KPR-Syariah,LOAN,"  606,120,288 "
9227,KPR_KENDALI,LOAN,"  2,897,716,434 "
9227,KRK EMB,LOAN,"  1,023,781,816 "
9227,ORI,ORI,"  10,000,000 "
9227,PERSONAL LOAN,LOAN,  - 
9227,REKSA,REKSA,"  3,638,798 "
9227,TABSYA,FUNDING,"  475,188 "
9227,TAKA,FUNDING,  - 
9227,TANDA360,FUNDING,"  1,085,312 "
9227,Tabungan TANDA & TABHAR,FUNDING,"  48,438,115 "
9410,BANCA,BANCA,"  10,000,000 "
9410,CPL KND,LOAN,"  3,861,096,064 "
9410,CREDIT CARD,LOAN,"  993,100 "
9410,DEMAND LOAN,LOAN,  - 
9410,DEPOSITO01,FUNDING,"  54,666,553 "
9410,DEPOSITO03,FUNDING,  - 
9410,DEPOSITO06,FUNDING,"  10,092,464 "
9410,DEPOSITO12,FUNDING,"  100,000,000 "
9410,GIRO,LOAN,  - 
9410,GIRO KND,FUNDING,"  30,687,419 "
9410,KPRSP15,LOAN,"  2,530,126,656 "
9410,KRK EMB,LOAN,"  425,440,088 "
9410,ORI,ORI,  - 
9410,PERSONAL LOAN,LOAN,"  4,226,302 "
9410,REKSA,REKSA,"  6,337,174 "
9410,TABSYA,FUNDING,"  165,373 "
9410,TAB_MDHRBHSYA,FUNDING,"  127,747 "
9410,TAKA,FUNDING,"  34,523,560 "
9410,TANDA360,FUNDING,  - 
9410,TERM LOAN EMB,LOAN,"  588,500,084 "
9410,Tabungan TANDA & TABHAR,FUNDING,"  6,020,458 "
9716,BANCA,BANCA,"  60,000,000 "
9716,CREDIT CARD,LOAN,  - 
9716,DEMAND LOAN,LOAN,  - 
9716,DEPOSITO01,FUNDING,  - 
9716,DEPOSITO03,FUNDING,  - 
9716,DEPOSITO03SYA,FUNDING,"  125,000,000 "
9716,DEPOSITO12,FUNDING,"  500,000,000 "
9716,GIRO,FUNDING,"  100,978,800 "
9716,KPR,LOAN,"  168,855,000 "
9716,KPR_KENDALI,LOAN,"  915,114,932 "
9716,LOAN SOFR,LOAN,  - 
9716,ORI,ORI,  - 
9716,PERSONAL LOAN,LOAN,"  25,440,156 "
9716,REKSA,REKSA,"  4,861,977 "
9716,TABSYA,FUNDING,"  10,200,000 "
9716,TAB_MDHRBHSYA,FUNDING,"  10,641,523 "
9716,TAKA,FUNDING,"  2,100,000 "
9716,TAKASYA,FUNDING,"  1,005,600,000 "
9716,TANDA360,FUNDING,  - 
9716,Tabungan TANDA & TABHAR,FUNDING,  - 